id,column_5
0,1
1,1
2,1
3,1
4,1
5,3
6,1
7,1
8,0
9,1
10,1
11,1
12,0
13,1
14,1
15,1
16,1
17,1
18,1
19,1
20,1
21,1
22,1
23,1
24,0
25,1
26,0
27,1
28,0
29,1
30,1
31,1
32,1
33,1
34,0
35,0
36,1
37,0
38,0
39,0
40,0
41,0
42,1
43,1
44,1
45,0
46,1
47,2
48,0
49,1
50,1
51,1
52,0
53,1
54,1
55,1
56,0
57,2
58,1
59,1
60,0
61,1
62,1
63,1
64,1
65,1
66,1
67,1
68,0
69,1
70,0
71,0
72,1
73,1
74,1
75,1
76,1
77,1
78,1
79,1
80,0
81,1
82,0
83,1
84,1
85,1
86,1
87,1
88,0
89,0
90,1
91,1
92,0
93,1
94,1
95,2
96,1
97,1
98,1
99,1
100,0
101,1
102,0
103,1
104,0
105,0
106,1
107,1
108,1
109,1
110,1
111,2
112,1
113,1
114,0
115,0
116,1
117,1
118,1
119,1
120,1
121,1
122,0
123,0
124,1
125,0
126,0
127,1
128,1
129,1
130,1
131,0
132,1
133,1
134,1
135,0
136,1
137,0
138,0
139,1
140,1
141,1
142,0
143,1
144,1
145,0
146,1
147,1
148,0
149,0
150,1
151,1
152,1
153,1
154,0
155,1
156,0
157,1
158,1
159,1
160,1
161,1
162,1
163,1
164,0
165,0
166,2
167,3
168,0
169,1
170,0
171,2
172,1
173,1
174,0
175,1
176,0
177,0
178,1
179,1
180,1
181,1
182,1
183,0
184,0
185,0
186,1
187,1
188,1
189,0
190,1
191,1
192,1
193,1
194,0
195,1
196,1
197,0
198,1
199,1
200,1
201,1
202,1
203,0
204,0
205,0
206,1
207,0
208,0
209,0
210,0
211,0
212,1
213,1
214,0
215,1
216,1
217,1
218,1
219,1
220,2
221,1
222,0
223,1
224,1
225,1
226,0
227,0
228,1
229,1
230,1
231,0
232,1
233,0
234,2
235,1
236,1
237,2
238,1
239,0
240,0
241,1
242,0
243,1
244,0
245,0
246,1
247,0
248,0
249,0
250,0
251,0
252,1
253,1
254,1
255,1
256,1
257,0
258,1
259,1
260,1
261,0
262,0
263,2
264,0
265,1
266,2
267,1
268,3
269,1
270,0
271,0
272,1
273,0
274,0
275,0
276,1
277,1
278,0
279,1
280,1
281,1
282,0
283,0
284,1
285,1
286,1
287,1
288,1
289,1
290,0
291,0
292,1
293,1
294,0
295,0
296,0
297,2
298,0
299,0
300,1
301,2
302,1
303,1
304,1
305,0
306,1
307,1
308,0
309,1
310,1
311,0
312,1
313,1
314,2
315,1
316,1
317,0
318,2
319,1
320,1
321,2
322,1
323,0
324,1
325,2
326,1
327,0
328,1
329,1
330,1
331,1
332,1
333,2
334,1
335,1
336,1
337,1
338,0
339,2
340,1
341,1
342,0
343,1
344,1
345,1
346,1
347,1
348,1
349,1
350,1
351,0
352,0
353,1
354,0
355,0
356,1
357,2
358,0
359,1
360,1
361,0
362,0
363,1
364,1
365,0
366,1
367,0
368,2
369,0
370,0
371,1
372,1
373,1
374,1
375,1
376,0
377,0
378,0
379,0
380,1
381,0
382,3
383,0
384,1
385,1
386,1
387,1
388,0
389,1
390,1
391,0
392,1
393,1
394,1
395,1
396,1
397,1
398,0
399,1
400,1
401,1
402,0
403,0
404,1
405,1
406,1
407,0
408,0
409,0
410,0
411,0
412,1
413,0
414,0
415,1
416,1
417,0
418,1
419,0
420,1
421,1
422,1
423,1
424,0
425,1
426,1
427,1
428,0
429,1
430,1
431,1
432,1
433,1
434,1
435,0
436,1
437,0
438,1
439,1
440,1
441,1
442,1
443,0
444,1
445,1
446,0
447,1
448,1
449,1
450,1
451,1
452,1
453,0
454,1
455,1
456,1
457,2
458,0
459,1
460,1
461,1
462,0
463,1
464,1
465,1
466,1
467,1
468,0
469,1
470,1
471,1
472,1
473,2
474,1
475,1
476,1
477,1
478,1
479,2
480,1
481,0
482,1
483,1
484,1
485,1
486,0
487,1
488,1
489,1
490,0
491,1
492,0
493,0
494,1
495,1
496,0
497,0
498,1
499,1
500,1
501,1
502,1
503,1
504,1
505,0
506,0
507,1
508,1
509,1
510,1
511,0
512,1
513,1
514,1
515,1
516,1
517,1
518,1
519,1
520,0
521,1
522,0
523,0
524,1
525,0
526,0
527,1
528,1
529,1
530,1
531,1
532,1
533,1
534,2
535,0
536,1
537,2
538,0
539,0
540,1
541,1
542,0
543,2
544,0
545,0
546,0
547,0
548,0
549,1
550,1
551,1
552,0
553,1
554,1
555,0
556,1
557,1
558,1
559,0
560,0
561,0
562,1
563,0
564,1
565,1
566,1
567,1
568,1
569,1
570,1
571,1
572,1
573,0
574,1
575,2
576,1
577,2
578,1
579,0
580,0
581,1
582,1
583,1
584,0
585,1
586,1
587,1
588,0
589,1
590,0
591,1
592,1
593,1
594,2
595,0
596,1
597,1
598,0
599,1
600,1
601,0
602,0
603,0
604,1
605,0
606,1
607,1
608,2
609,0
610,1
611,0
612,1
613,0
614,1
615,0
616,1
617,1
618,1
619,1
620,1
621,1
622,0
623,1
624,1
625,1
626,1
627,1
628,3
629,1
630,1
631,1
632,1
633,2
634,0
635,1
636,1
637,0
638,1
639,1
640,1
641,3
642,1
643,1
644,1
645,1
646,2
647,1
648,1
649,2
650,0
651,1
652,1
653,1
654,1
655,1
656,1
657,2
658,1
659,0
660,1
661,1
662,1
663,1
664,1
665,1
666,1
667,1
668,1
669,1
670,0
671,1
672,1
673,1
674,0
675,1
676,1
677,1
678,0
679,2
680,0
681,1
682,1
683,1
684,1
685,1
686,1
687,0
688,0
689,1
690,1
691,1
692,1
693,1
694,0
695,1
696,1
697,1
698,0
699,1
700,1
701,0
702,1
703,0
704,1
705,1
706,1
707,1
708,0
709,1
710,1
711,1
712,1
713,1
714,1
715,1
716,0
717,1
718,0
719,0
720,1
721,1
722,0
723,1
724,1
725,0
726,1
727,0
728,0
729,1
730,1
731,1
732,1
733,1
734,1
735,0
736,0
737,1
738,1
739,0
740,0
741,0
742,1
743,0
744,2
745,1
746,0
747,0
748,1
749,0
750,0
751,1
752,1
753,1
754,0
755,1
756,1
757,3
758,1
759,1
760,0
761,2
762,1
763,2
764,2
765,1
766,0
767,1
768,1
769,1
770,0
771,1
772,1
773,1
774,1
775,1
776,1
777,1
778,1
779,1
780,1
781,1
782,1
783,0
784,1
785,1
786,1
787,0
788,0
789,0
790,0
791,1
792,1
793,1
794,1
795,1
796,1
797,1
798,1
799,1
800,2
801,2
802,1
803,2
804,0
805,1
806,0
807,1
808,0
809,1
810,1
811,1
812,1
813,0
814,2
815,1
816,1
817,0
818,1
819,1
820,1
821,1
822,0
823,0
824,2
825,1
826,1
827,2
828,1
829,0
830,1
831,1
832,1
833,0
834,1
835,0
836,1
837,1
838,2
839,2
840,0
841,0
842,0
843,0
844,1
845,0
846,1
847,1
848,1
849,0
850,1
851,1
852,1
853,0
854,1
855,1
856,0
857,1
858,1
859,1
860,1
861,1
862,1
863,0
864,0
865,1
866,1
867,1
868,1
869,0
870,1
871,0
872,0
873,1
874,2
875,1
876,1
877,0
878,1
879,1
880,1
881,1
882,1
883,2
884,1
885,2
886,1
887,0
888,1
889,1
890,2
891,1
892,1
893,1
894,1
895,2
896,1
897,0
898,0
899,1
900,1
901,1
902,1
903,1
904,1
905,1
906,1
907,1
908,1
909,1
910,1
911,1
912,1
913,0
914,1
915,0
916,1
917,1
918,1
919,1
920,1
921,1
922,1
923,1
924,1
925,1
926,1
927,0
928,1
929,1
930,0
931,1
932,1
933,1
934,2
935,1
936,0
937,0
938,1
939,1
940,1
941,1
942,2
943,2
944,0
945,1
946,1
947,1
948,1
949,0
950,1
951,1
952,0
953,2
954,1
955,1
956,1
957,1
958,0
959,2
960,1
961,1
962,0
963,1
964,1
965,0
966,1
967,0
968,1
969,0
970,1
971,2
972,1
973,1
974,0
975,1
976,1
977,1
978,1
979,1
980,0
981,1
982,2
983,1
984,1
985,1
986,0
987,1
988,1
989,1
990,1
991,1
992,0
993,1
994,1
995,0
996,0
997,1
998,1
999,1
1000,1
1001,0
1002,0
1003,1
1004,1
1005,0
1006,1
1007,1
1008,0
1009,0
1010,1
1011,1
1012,1
1013,1
1014,1
1015,1
1016,1
1017,1
1018,0
1019,0
1020,1
1021,1
1022,1
1023,1
1024,1
1025,1
1026,1
1027,1
1028,0
1029,1
1030,1
1031,0
1032,0
1033,0
1034,0
1035,1
1036,1
1037,2
1038,0
1039,1
1040,1
1041,1
1042,1
1043,1
1044,1
1045,0
1046,1
1047,1
1048,0
1049,2
1050,1
1051,0
1052,1
1053,1
1054,1
1055,1
1056,1
1057,0
1058,0
1059,1
1060,0
1061,1
1062,1
1063,1
1064,1
1065,0
1066,1
1067,1
1068,1
1069,0
1070,1
1071,0
1072,1
1073,1
1074,1
1075,0
1076,1
1077,0
1078,0
1079,1
1080,1
1081,1
1082,1
1083,1
1084,0
1085,1
1086,1
1087,1
1088,1
1089,1
1090,1
1091,1
1092,1
1093,0
1094,0
1095,1
1096,0
1097,1
1098,1
1099,1
1100,1
1101,1
1102,1
1103,1
1104,1
1105,1
1106,0
1107,1
1108,1
1109,1
1110,1
1111,1
1112,0
1113,0
1114,1
1115,1
1116,1
1117,1
1118,1
1119,1
1120,1
1121,1
1122,1
1123,1
1124,1
1125,2
1126,0
1127,0
1128,1
1129,0
1130,0
1131,1
1132,1
1133,0
1134,1
1135,1
1136,1
1137,1
1138,1
1139,1
1140,1
1141,1
1142,1
1143,1
1144,1
1145,1
1146,1
1147,1
1148,1
1149,1
1150,2
1151,0
1152,1
1153,1
1154,0
1155,1
1156,1
1157,1
1158,1
1159,1
1160,1
1161,1
1162,1
1163,0
1164,0
1165,1
1166,1
1167,2
1168,0
1169,1
1170,1
1171,2
1172,0
1173,1
1174,1
1175,1
1176,1
1177,1
1178,1
1179,2
1180,1
1181,0
1182,0
1183,3
1184,0
1185,1
1186,1
1187,1
1188,1
1189,1
1190,0
1191,1
1192,1
1193,2
1194,1
1195,1
1196,2
1197,1
1198,1
1199,1
1200,0
1201,0
1202,1
1203,0
1204,1
1205,1
1206,0
1207,0
1208,0
1209,0
1210,1
1211,0
1212,1
1213,0
1214,0
1215,2
1216,2
1217,1
1218,0
1219,0
1220,0
1221,0
1222,0
1223,1
1224,1
1225,1
1226,1
1227,1
1228,1
1229,0
1230,1
1231,1
1232,1
1233,1
1234,1
1235,0
1236,1
1237,2
1238,1
1239,0
1240,2
1241,2
1242,2
1243,1
1244,1
1245,0
1246,1
1247,1
1248,0
1249,0
1250,0
1251,1
1252,2
1253,1
1254,1
1255,1
1256,1
1257,1
1258,0
1259,1
1260,1
1261,1
1262,1
1263,1
1264,0
1265,0
1266,0
1267,0
1268,1
1269,1
1270,1
1271,1
1272,2
1273,1
1274,1
1275,0
1276,0
1277,1
1278,0
1279,2
1280,1
1281,1
1282,1
1283,1
1284,1
1285,1
1286,1
1287,1
1288,1
1289,0
1290,1
1291,1
1292,1
1293,2
1294,1
1295,0
1296,1
1297,0
1298,1
1299,1
1300,0
1301,0
1302,1
1303,1
1304,2
1305,1
1306,1
1307,1
1308,0
1309,1
1310,1
1311,1
1312,1
1313,0
1314,1
1315,0
1316,1
1317,1
1318,0
1319,1
1320,0
1321,0
1322,0
1323,1
1324,0
1325,1
1326,1
1327,2
1328,0
1329,1
1330,1
1331,1
1332,0
1333,1
1334,1
1335,0
1336,0
1337,0
1338,1
1339,1
1340,0
1341,0
1342,1
1343,0
1344,1
1345,2
1346,1
1347,1
1348,1
1349,1
1350,0
1351,0
1352,1
1353,1
1354,1
1355,0
1356,1
1357,0
1358,0
1359,0
1360,1
1361,2
1362,1
1363,2
1364,1
1365,1
1366,1
1367,1
1368,0
1369,3
1370,1
1371,1
1372,1
1373,0
1374,1
1375,1
1376,2
1377,0
1378,2
1379,0
1380,0
1381,1
1382,1
1383,1
1384,0
1385,1
1386,0
1387,0
1388,1
1389,0
1390,1
1391,0
1392,0
1393,1
1394,1
1395,3
1396,1
1397,0
1398,0
1399,0
1400,1
1401,1
1402,1
1403,1
1404,1
1405,1
1406,0
1407,1
1408,1
1409,1
1410,2
1411,0
1412,1
1413,1
1414,0
1415,1
1416,1
1417,0
1418,0
1419,0
1420,0
1421,1
1422,1
1423,1
1424,1
1425,1
1426,0
1427,2
1428,0
1429,0
1430,0
1431,1
1432,0
1433,1
1434,1
1435,0
1436,2
1437,0
1438,1
1439,1
1440,1
1441,1
1442,1
1443,2
1444,1
1445,0
1446,0
1447,1
1448,1
1449,1
1450,2
1451,1
1452,1
1453,1
1454,1
1455,0
1456,1
1457,1
1458,1
1459,1
1460,0
1461,1
1462,1
1463,0
1464,1
1465,1
1466,1
1467,1
1468,1
1469,1
1470,1
1471,1
1472,1
1473,1
1474,1
1475,1
1476,0
1477,1
1478,1
1479,1
1480,1
1481,1
1482,1
1483,1
1484,1
1485,1
1486,1
1487,2
1488,0
1489,1
1490,0
1491,0
1492,2
1493,1
1494,1
1495,1
1496,1
1497,1
1498,1
1499,2
1500,1
1501,1
1502,0
1503,1
1504,1
1505,0
1506,1
1507,1
1508,0
1509,1
1510,0
1511,1
1512,1
1513,1
1514,1
1515,0
1516,0
1517,3
1518,1
1519,1
1520,0
1521,1
1522,0
1523,1
1524,1
1525,1
1526,1
1527,1
1528,1
1529,0
1530,1
1531,1
1532,1
1533,1
1534,1
1535,1
1536,0
1537,1
1538,1
1539,0
1540,1
1541,0
1542,0
1543,1
1544,1
1545,1
1546,2
1547,1
1548,1
1549,1
1550,1
1551,0
1552,1
1553,0
1554,0
1555,1
1556,1
1557,1
1558,0
1559,1
1560,1
1561,1
1562,1
1563,1
1564,1
1565,0
1566,1
1567,0
1568,1
1569,0
1570,0
1571,1
1572,1
1573,1
1574,0
1575,1
1576,1
1577,0
1578,1
1579,0
1580,1
1581,2
1582,1
1583,0
1584,1
1585,0
1586,1
1587,2
1588,0
1589,1
1590,1
1591,1
1592,1
1593,2
1594,0
1595,1
1596,1
1597,0
1598,0
1599,1
1600,1
1601,3
1602,1
1603,1
1604,1
1605,1
1606,1
1607,1
1608,0
1609,1
1610,1
1611,1
1612,0
1613,0
1614,1
1615,1
1616,1
1617,1
1618,1
1619,1
1620,1
1621,0
1622,1
1623,1
1624,1
1625,0
1626,0
1627,2
1628,0
1629,1
1630,1
1631,1
1632,0
1633,1
1634,1
1635,0
1636,1
1637,1
1638,1
1639,0
1640,1
1641,1
1642,1
1643,0
1644,1
1645,1
1646,2
1647,0
1648,1
1649,0
1650,1
1651,1
1652,1
1653,1
1654,1
1655,2
1656,1
1657,1
1658,0
1659,0
1660,2
1661,0
1662,1
1663,1
1664,1
1665,1
1666,0
1667,0
1668,0
1669,1
1670,2
1671,0
1672,1
1673,1
1674,0
1675,1
1676,1
1677,0
1678,1
1679,1
1680,0
1681,1
1682,1
1683,0
1684,1
1685,1
1686,0
1687,1
1688,1
1689,0
1690,1
1691,0
1692,0
1693,0
1694,1
1695,1
1696,2
1697,3
1698,3
1699,1
1700,0
1701,1
1702,0
1703,1
1704,1
1705,1
1706,1
1707,1
1708,2
1709,1
1710,1
1711,1
1712,1
1713,0
1714,1
1715,1
1716,0
1717,1
1718,1
1719,1
1720,1
1721,1
1722,1
1723,0
1724,1
1725,1
1726,0
1727,1
1728,1
1729,1
1730,1
1731,1
1732,1
1733,1
1734,1
1735,1
1736,1
1737,1
1738,1
1739,1
1740,1
1741,0
1742,1
1743,0
1744,1
1745,1
1746,1
1747,1
1748,0
1749,1
1750,1
1751,1
1752,0
1753,1
1754,1
1755,0
1756,1
1757,1
1758,1
1759,2
1760,1
1761,2
1762,1
1763,0
1764,1
1765,1
1766,1
1767,1
1768,1
1769,1
1770,1
1771,0
1772,1
1773,1
1774,0
1775,0
1776,0
1777,1
1778,1
1779,1
1780,0
1781,1
1782,1
1783,1
1784,1
1785,1
1786,0
1787,1
1788,2
1789,1
1790,1
1791,0
1792,1
1793,2
1794,0
1795,1
1796,1
1797,0
1798,0
1799,2
1800,1
1801,1
1802,1
1803,1
1804,1
1805,2
1806,1
1807,0
1808,1
1809,1
1810,1
1811,1
1812,1
1813,1
1814,0
1815,1
1816,0
1817,1
1818,0
1819,0
1820,1
1821,1
1822,0
1823,0
1824,1
1825,1
1826,1
1827,0
1828,0
1829,0
1830,1
1831,1
1832,2
1833,0
1834,1
1835,0
1836,1
1837,2
1838,1
1839,2
1840,1
1841,0
1842,3
1843,1
1844,0
1845,0
1846,1
1847,0
1848,1
1849,1
1850,2
1851,0
1852,0
1853,1
1854,1
1855,1
1856,0
1857,0
1858,1
1859,1
1860,1
1861,2
1862,0
1863,1
1864,1
1865,1
1866,0
1867,1
1868,1
1869,0
1870,0
1871,1
1872,1
1873,1
1874,1
1875,1
1876,1
1877,1
1878,1
1879,0
1880,1
1881,1
1882,1
1883,1
1884,1
1885,0
1886,1
1887,1
1888,1
1889,1
1890,1
1891,1
1892,0
1893,1
1894,1
1895,0
1896,0
1897,1
1898,1
1899,1
1900,1
1901,0
1902,1
1903,0
1904,0
1905,1
1906,0
1907,0
1908,1
1909,0
1910,1
1911,1
1912,1
1913,1
1914,1
1915,1
1916,1
1917,1
1918,0
1919,0
1920,0
1921,1
1922,1
1923,1
1924,1
1925,0
1926,1
1927,1
1928,2
1929,1
1930,1
1931,1
1932,1
1933,1
1934,0
1935,2
1936,1
1937,0
1938,1
1939,1
1940,0
1941,1
1942,1
1943,1
1944,2
1945,1
1946,1
1947,1
1948,0
1949,1
1950,1
1951,2
1952,0
1953,0
1954,0
1955,1
1956,1
1957,0
1958,1
1959,0
1960,1
1961,2
1962,1
1963,0
1964,0
1965,1
1966,0
1967,0
1968,1
1969,1
1970,1
1971,1
1972,0
1973,1
1974,0
1975,1
1976,0
1977,1
1978,2
1979,1
1980,1
1981,0
1982,1
1983,0
1984,1
1985,0
1986,1
1987,1
1988,1
1989,1
1990,0
1991,1
1992,1
1993,0
1994,0
1995,1
1996,1
1997,1
1998,1
1999,0
2000,0
2001,1
2002,1
2003,1
2004,1
2005,1
2006,1
2007,1
2008,2
2009,0
2010,0
2011,1
2012,1
2013,0
2014,0
2015,1
2016,1
2017,1
2018,1
2019,0
2020,1
2021,1
2022,0
2023,2
2024,1
2025,1
2026,1
2027,0
2028,1
2029,3
2030,1
2031,1
2032,0
2033,0
2034,0
2035,1
2036,1
2037,0
2038,1
2039,1
2040,1
2041,0
2042,0
2043,0
2044,1
2045,0
2046,1
2047,0
2048,1
2049,1
2050,0
2051,0
2052,1
2053,1
2054,1
2055,0
2056,1
2057,1
2058,1
2059,1
2060,1
2061,2
2062,1
2063,1
2064,1
2065,0
2066,1
2067,1
2068,1
2069,1
2070,0
2071,1
2072,0
2073,0
2074,0
2075,1
2076,0
2077,1
2078,1
2079,1
2080,1
2081,1
2082,1
2083,0
2084,1
2085,1
2086,1
2087,0
2088,2
2089,1
2090,1
2091,1
2092,1
2093,1
2094,0
2095,1
2096,0
2097,1
2098,0
2099,1
2100,1
2101,0
2102,1
2103,0
2104,1
2105,0
2106,1
2107,0
2108,1
2109,1
2110,1
2111,0
2112,0
2113,1
2114,1
2115,3
2116,0
2117,0
2118,1
2119,1
2120,1
2121,1
2122,1
2123,1
2124,1
2125,0
2126,0
2127,2
2128,0
2129,1
2130,1
2131,2
2132,1
2133,1
2134,0
2135,1
2136,1
2137,1
2138,1
2139,1
2140,1
2141,0
2142,2
2143,1
2144,1
2145,0
2146,1
2147,1
2148,1
2149,1
2150,1
2151,1
2152,0
2153,1
2154,1
2155,1
2156,1
2157,1
2158,1
2159,0
2160,1
2161,1
2162,0
2163,1
2164,1
2165,1
2166,1
2167,1
2168,1
2169,1
2170,1
2171,1
2172,2
2173,1
2174,0
2175,1
2176,1
2177,1
2178,0
2179,1
2180,0
2181,1
2182,1
2183,1
2184,1
2185,0
2186,1
2187,1
2188,1
2189,1
2190,1
2191,0
2192,1
2193,1
2194,0
2195,0
2196,1
2197,1
2198,0
2199,0
2200,1
2201,1
2202,1
2203,1
2204,0
2205,0
2206,1
2207,1
2208,1
2209,1
2210,1
2211,0
2212,1
2213,1
2214,0
2215,0
2216,0
2217,1
2218,1
2219,2
2220,2
2221,0
2222,1
2223,1
2224,0
2225,1
2226,1
2227,1
2228,1
2229,1
2230,1
2231,1
2232,1
2233,0
2234,1
2235,1
2236,0
2237,0
2238,0
2239,1
2240,1
2241,0
2242,1
2243,0
2244,0
2245,2
2246,1
2247,1
2248,1
2249,0
2250,1
2251,1
2252,2
2253,1
2254,2
2255,0
2256,0
2257,0
2258,1
2259,1
2260,2
2261,2
2262,1
2263,0
2264,1
2265,0
2266,1
2267,0
2268,1
2269,1
2270,1
2271,1
2272,0
2273,0
2274,1
2275,2
2276,1
2277,1
2278,0
2279,1
2280,1
2281,1
2282,1
2283,0
2284,0
2285,0
2286,1
2287,1
2288,1
2289,1
2290,0
2291,1
2292,1
2293,1
2294,1
2295,1
2296,1
2297,1
2298,0
2299,2
2300,1
2301,0
2302,1
2303,1
2304,0
2305,1
2306,2
2307,0
2308,1
2309,1
2310,1
2311,0
2312,0
2313,1
2314,0
2315,1
2316,1
2317,1
2318,0
2319,1
2320,2
2321,1
2322,1
2323,0
2324,1
2325,1
2326,0
2327,2
2328,1
2329,1
2330,2
2331,0
2332,1
2333,0
2334,1
2335,0
2336,1
2337,1
2338,1
2339,0
2340,1
2341,0
2342,0
2343,0
2344,0
2345,0
2346,0
2347,1
2348,1
2349,1
2350,0
2351,1
2352,1
2353,1
2354,0
2355,0
2356,1
2357,2
2358,0
2359,1
2360,0
2361,1
2362,1
2363,1
2364,1
2365,1
2366,1
2367,0
2368,0
2369,2
2370,1
2371,1
2372,1
2373,1
2374,1
2375,1
2376,0
2377,1
2378,1
2379,0
2380,0
2381,0
2382,0
2383,1
2384,2
2385,0
2386,1
2387,1
2388,1
2389,1
2390,0
2391,3
2392,1
2393,0
2394,1
2395,1
2396,1
2397,1
2398,0
2399,2
2400,1
2401,1
2402,1
2403,1
2404,0
2405,0
2406,0
2407,1
2408,1
2409,0
2410,1
2411,0
2412,1
2413,1
2414,1
2415,1
2416,1
2417,0
2418,1
2419,1
2420,0
2421,1
2422,1
2423,0
2424,1
2425,0
2426,2
2427,1
2428,0
2429,1
2430,1
2431,0
2432,1
2433,1
2434,1
2435,1
2436,1
2437,0
2438,1
2439,1
2440,1
2441,1
2442,1
2443,1
2444,0
2445,0
2446,1
2447,1
2448,1
2449,1
2450,1
2451,0
2452,1
2453,1
2454,1
2455,1
2456,0
2457,1
2458,0
2459,1
2460,1
2461,0
2462,1
2463,0
2464,1
2465,1
2466,1
2467,0
2468,1
2469,1
2470,0
2471,0
2472,0
2473,1
2474,0
2475,0
2476,1
2477,0
2478,1
2479,1
2480,1
2481,0
2482,1
2483,1
2484,1
2485,0
2486,1
2487,1
2488,0
2489,0
2490,1
2491,1
2492,1
2493,1
2494,0
2495,1
2496,1
2497,0
2498,1
2499,1
2500,0
2501,1
2502,1
2503,0
2504,1
2505,1
2506,1
2507,0
2508,0
2509,0
2510,1
2511,2
2512,0
2513,0
2514,0
2515,1
2516,1
2517,0
2518,0
2519,1
2520,1
2521,1
2522,1
2523,0
2524,1
2525,1
2526,1
2527,1
2528,1
2529,0
2530,0
2531,0
2532,1
2533,1
2534,1
2535,0
2536,1
2537,1
2538,0
2539,1
2540,1
2541,1
2542,0
2543,0
2544,0
2545,1
2546,0
2547,1
2548,1
2549,1
2550,0
2551,1
2552,1
2553,0
2554,0
2555,1
2556,1
2557,1
2558,1
2559,1
2560,0
2561,0
2562,0
2563,0
2564,1
2565,1
2566,1
2567,1
2568,0
2569,1
2570,1
2571,1
2572,0
2573,1
2574,1
2575,1
2576,0
2577,0
2578,1
2579,1
2580,1
2581,1
2582,1
2583,0
2584,0
2585,0
2586,1
2587,1
2588,0
2589,1
2590,1
2591,0
2592,1
2593,0
2594,1
2595,0
2596,1
2597,0
2598,1
2599,1
2600,1
2601,2
2602,1
2603,1
2604,0
2605,2
2606,1
2607,0
2608,0
2609,1
2610,2
2611,1
2612,0
2613,1
2614,2
2615,1
2616,1
2617,1
2618,1
2619,1
2620,1
2621,1
2622,1
2623,0
2624,1
2625,0
2626,1
2627,1
2628,0
2629,1
2630,0
2631,1
2632,1
2633,1
2634,1
2635,0
2636,0
2637,1
2638,0
2639,1
2640,1
2641,1
2642,0
2643,1
2644,1
2645,0
2646,1
2647,0
2648,1
2649,0
2650,1
2651,0
2652,1
2653,1
2654,2
2655,1
2656,1
2657,1
2658,0
2659,1
2660,1
2661,0
2662,1
2663,1
2664,1
2665,1
2666,0
2667,0
2668,1
2669,0
2670,1
2671,1
2672,0
2673,1
2674,0
2675,1
2676,1
2677,0
2678,1
2679,1
2680,1
2681,0
2682,2
2683,2
2684,1
2685,0
2686,1
2687,1
2688,0
2689,1
2690,0
2691,1
2692,1
2693,1
2694,0
2695,0
2696,1
2697,1
2698,1
2699,1
2700,1
2701,1
2702,0
2703,0
2704,0
2705,1
2706,1
2707,1
2708,1
2709,1
2710,1
2711,1
2712,1
2713,1
2714,0
2715,1
2716,0
2717,1
2718,1
2719,0
2720,1
2721,1
2722,2
2723,0
2724,1
2725,0
2726,1
2727,1
2728,0
2729,0
2730,1
2731,0
2732,1
2733,1
2734,2
2735,1
2736,0
2737,1
2738,1
2739,0
2740,0
2741,0
2742,0
2743,0
2744,1
2745,1
2746,1
2747,0
2748,0
2749,1
2750,1
2751,1
2752,1
2753,1
2754,0
2755,1
2756,1
2757,1
2758,1
2759,1
2760,1
2761,0
2762,1
2763,1
2764,0
2765,3
2766,1
2767,1
2768,2
2769,1
2770,1
2771,0
2772,1
2773,1
2774,1
2775,1
2776,0
2777,1
2778,1
2779,1
2780,0
2781,2
2782,0
2783,1
2784,1
2785,0
2786,1
2787,1
2788,1
2789,1
2790,1
2791,0
2792,0
2793,1
2794,1
2795,1
2796,1
2797,1
2798,1
2799,0
2800,1
2801,0
2802,1
2803,0
2804,2
2805,1
2806,1
2807,1
2808,1
2809,0
2810,1
2811,1
2812,1
2813,0
2814,1
2815,0
2816,1
2817,1
2818,1
2819,0
2820,0
2821,0
2822,1
2823,1
2824,1
2825,1
2826,1
2827,1
2828,0
2829,1
2830,1
2831,1
2832,2
2833,0
2834,0
2835,1
2836,0
2837,1
2838,0
2839,1
2840,1
2841,0
2842,1
2843,1
2844,1
2845,1
2846,1
2847,1
2848,1
2849,1
2850,1
2851,1
2852,0
2853,1
2854,0
2855,1
2856,2
2857,1
2858,1
2859,0
2860,1
2861,1
2862,1
2863,1
2864,0
2865,0
2866,2
2867,1
2868,1
2869,1
2870,0
2871,1
2872,0
2873,1
2874,0
2875,0
2876,0
2877,0
2878,1
2879,1
2880,1
2881,1
2882,1
2883,1
2884,2
2885,1
2886,1
2887,1
2888,1
2889,2
2890,1
2891,1
2892,0
2893,1
2894,1
2895,0
2896,0
2897,2
2898,0
2899,1
2900,1
2901,1
2902,0
2903,1
2904,1
2905,1
2906,0
2907,1
2908,1
2909,0
2910,0
2911,0
2912,1
2913,0
2914,1
2915,1
2916,0
2917,0
2918,1
2919,1
2920,0
2921,1
2922,1
2923,0
2924,1
2925,1
2926,2
2927,0
2928,0
2929,1
2930,2
2931,1
2932,2
2933,0
2934,1
2935,1
2936,0
2937,1
2938,1
2939,1
2940,0
2941,1
2942,2
2943,1
2944,1
2945,1
2946,1
2947,0
2948,1
2949,1
2950,1
2951,1
2952,1
2953,1
2954,1
2955,1
2956,1
2957,1
2958,1
2959,1
2960,2
2961,1
2962,1
2963,1
2964,1
2965,1
2966,0
2967,0
2968,1
2969,0
2970,1
2971,1
2972,0
2973,0
2974,1
2975,1
2976,1
2977,0
2978,1
2979,1
2980,2
2981,1
2982,0
2983,3
2984,1
2985,1
2986,1
2987,1
2988,1
2989,1
2990,0
2991,1
2992,1
2993,0
2994,1
2995,1
2996,0
2997,0
2998,1
2999,1
3000,0
3001,0
3002,1
3003,1
3004,1
3005,0
3006,1
3007,1
3008,1
3009,0
3010,1
3011,1
3012,1
3013,1
3014,0
3015,1
3016,1
3017,0
3018,0
3019,0
3020,1
3021,0
3022,1
3023,1
3024,0
3025,1
3026,0
3027,1
3028,1
3029,1
3030,1
3031,1
3032,1
3033,1
3034,0
3035,1
3036,1
3037,0
3038,0
3039,1
3040,0
3041,1
3042,1
3043,0
3044,1
3045,1
3046,0
3047,1
3048,0
3049,1
3050,1
3051,1
3052,1
3053,2
3054,1
3055,0
3056,1
3057,1
3058,1
3059,0
3060,1
3061,1
3062,1
3063,2
3064,1
3065,1
3066,3
3067,1
3068,1
3069,0
3070,1
3071,0
3072,1
3073,1
3074,1
3075,2
3076,0
3077,1
3078,1
3079,1
3080,1
3081,1
3082,1
3083,1
3084,1
3085,0
3086,0
3087,1
3088,1
3089,1
3090,1
3091,1
3092,1
3093,1
3094,1
3095,1
3096,1
3097,1
3098,1
3099,1
3100,1
3101,1
3102,1
3103,1
3104,0
3105,1
3106,1
3107,1
3108,1
3109,0
3110,1
3111,0
3112,1
3113,0
3114,1
3115,1
3116,1
3117,1
3118,0
3119,1
3120,1
3121,0
3122,0
3123,1
3124,0
3125,1
3126,1
3127,1
3128,1
3129,1
3130,1
3131,0
3132,1
3133,1
3134,1
3135,2
3136,0
3137,1
3138,1
3139,1
3140,1
3141,0
3142,1
3143,0
3144,1
3145,0
3146,0
3147,0
3148,0
3149,0
3150,1
3151,0
3152,0
3153,1
3154,1
3155,1
3156,1
3157,1
3158,0
3159,1
3160,1
3161,0
3162,1
3163,0
3164,1
3165,1
3166,0
3167,0
3168,1
3169,0
3170,0
3171,1
3172,1
3173,0
3174,1
3175,1
3176,1
3177,0
3178,0
3179,0
3180,1
3181,0
3182,0
3183,1
3184,0
3185,0
3186,0
3187,1
3188,0
3189,0
3190,1
3191,1
3192,1
3193,0
3194,2
3195,1
3196,0
3197,1
3198,1
3199,1
3200,2
3201,0
3202,1
3203,2
3204,1
3205,1
3206,1
3207,1
3208,1
3209,1
3210,0
3211,1
3212,1
3213,1
3214,1
3215,1
3216,0
3217,1
3218,1
3219,1
3220,0
3221,1
3222,1
3223,0
3224,1
3225,1
3226,0
3227,2
3228,1
3229,1
3230,2
3231,0
3232,1
3233,1
3234,1
3235,2
3236,1
3237,0
3238,0
3239,1
3240,0
3241,1
3242,0
3243,0
3244,1
3245,1
3246,0
3247,1
3248,1
3249,1
3250,1
3251,0
3252,0
3253,1
3254,1
3255,1
3256,1
3257,0
3258,1
3259,0
3260,0
3261,1
3262,0
3263,1
3264,1
3265,1
3266,0
3267,0
3268,0
3269,1
3270,2
3271,1
3272,0
3273,2
3274,1
3275,1
3276,1
3277,1
3278,1
3279,1
3280,0
3281,0
3282,0
3283,0
3284,1
3285,0
3286,1
3287,0
3288,0
3289,1
3290,1
3291,1
3292,1
3293,1
3294,1
3295,1
3296,0
3297,1
3298,0
3299,1
3300,0
3301,1
3302,1
3303,1
3304,1
3305,1
3306,2
3307,1
3308,2
3309,1
3310,1
3311,1
3312,1
3313,1
3314,1
3315,1
3316,1
3317,1
3318,1
3319,2
3320,1
3321,1
3322,1
3323,1
3324,1
3325,0
3326,1
3327,1
3328,1
3329,1
3330,2
3331,0
3332,1
3333,1
3334,1
3335,0
3336,1
3337,0
3338,1
3339,1
3340,1
3341,1
3342,0
3343,0
3344,1
3345,1
